,Client,Sale_MF,Sale_CC,Sale_CL,Revenue_MF,Revenue_CC,Revenue_CL
0,1,1.0,0.0,0.0,26.97267857142857,0.0,0.0
1,2,0.0,0.0,0.0,0.0,0.0,0.0
2,3,,,,,,
3,4,,,,,,
4,5,,,,,,
5,6,0.0,0.0,0.0,0.0,0.0,0.0
6,7,,,,,,
7,8,0.0,0.0,0.0,0.0,0.0,0.0
8,9,,,,,,
9,10,,,,,,
10,11,,,,,,
11,12,,,,,,
12,13,0.0,0.0,0.0,0.0,0.0,0.0
13,14,0.0,0.0,0.0,0.0,0.0,0.0
14,15,0.0,0.0,0.0,0.0,0.0,0.0
15,16,,,,,,
16,17,0.0,0.0,0.0,0.0,0.0,0.0
17,18,,,,,,
18,19,,,,,,
19,20,0.0,1.0,0.0,0.0,3.8225000000000002,0.0
20,21,0.0,1.0,0.0,0.0,3.607142857142857,0.0
21,22,0.0,1.0,1.0,0.0,1.1071428571428572,30.560357142857146
22,23,0.0,0.0,1.0,0.0,0.0,8.25
23,24,,,,,,
24,25,,,,,,
25,26,0.0,0.0,0.0,0.0,0.0,0.0
26,27,1.0,0.0,0.0,220.4882142857143,0.0,0.0
27,28,,,,,,
28,29,0.0,1.0,0.0,0.0,4.286785714285714,0.0
29,30,,,,,,
30,31,0.0,0.0,0.0,0.0,0.0,0.0
31,32,,,,,,
32,33,0.0,1.0,1.0,0.0,3.25,14.989642857142856
33,34,1.0,0.0,0.0,0.6010714285714285,0.0,0.0
34,35,0.0,0.0,0.0,0.0,0.0,0.0
35,36,1.0,0.0,0.0,0.2380357142857143,0.0,0.0
36,37,0.0,1.0,0.0,0.0,0.6428571428571429,0.0
37,38,0.0,0.0,0.0,0.0,0.0,0.0
38,39,,,,,,
39,40,0.0,0.0,0.0,0.0,0.0,0.0
40,41,,,,,,
41,42,1.0,0.0,0.0,15.275714285714287,0.0,0.0
42,43,1.0,1.0,0.0,73.04178571428572,1.9642857142857142,0.0
43,44,0.0,1.0,0.0,0.0,4.464285714285714,0.0
44,45,0.0,1.0,1.0,0.0,15.393928571428571,5.556785714285715
45,46,0.0,1.0,0.0,0.0,7.152500000000001,0.0
46,47,0.0,0.0,1.0,0.0,0.0,4.496071428571429
47,48,0.0,1.0,0.0,0.0,0.8939285714285715,0.0
48,49,0.0,1.0,0.0,0.0,15.24642857142857,0.0
49,50,0.0,0.0,0.0,0.0,0.0,0.0
50,51,,,,,,
51,52,0.0,0.0,0.0,0.0,0.0,0.0
52,53,0.0,0.0,0.0,0.0,0.0,0.0
53,54,,,,,,
54,55,,,,,,
55,56,0.0,0.0,0.0,0.0,0.0,0.0
56,57,,,,,,
57,58,0.0,0.0,0.0,0.0,0.0,0.0
58,59,,,,,,
59,60,0.0,0.0,0.0,0.0,0.0,0.0
60,61,,,,,,
61,62,,,,,,
62,63,,,,,,
63,64,,,,,,
64,65,0.0,0.0,0.0,0.0,0.0,0.0
65,66,0.0,0.0,0.0,0.0,0.0,0.0
66,67,0.0,0.0,1.0,0.0,0.0,4.190357142857143
67,68,0.0,1.0,0.0,0.0,3.5,0.0
68,69,1.0,0.0,0.0,42.71660714285714,0.0,0.0
69,70,,,,,,
70,71,0.0,0.0,0.0,0.0,0.0,0.0
71,72,0.0,0.0,0.0,0.0,0.0,0.0
72,73,0.0,1.0,1.0,0.0,1.7857142857142858,18.353928571428572
73,74,,,,,,
74,75,1.0,0.0,0.0,0.004821428571428572,0.0,0.0
75,76,0.0,0.0,0.0,0.0,0.0,0.0
76,77,,,,,,
77,78,0.0,0.0,0.0,0.0,0.0,0.0
78,79,0.0,0.0,0.0,0.0,0.0,0.0
79,80,0.0,0.0,0.0,0.0,0.0,0.0
80,81,0.0,0.0,0.0,0.0,0.0,0.0
81,82,0.0,0.0,1.0,0.0,0.0,5.396428571428571
82,83,0.0,1.0,1.0,0.0,5.25,28.685357142857146
83,84,,,,,,
84,85,0.0,0.0,0.0,0.0,0.0,0.0
85,86,1.0,0.0,0.0,1.4573214285714287,0.0,0.0
86,87,1.0,0.0,0.0,3.875178571428571,0.0,0.0
87,88,0.0,0.0,0.0,0.0,0.0,0.0
88,89,,,,,,
89,90,0.0,0.0,0.0,0.0,0.0,0.0
90,91,,,,,,
91,92,0.0,0.0,0.0,0.0,0.0,0.0
92,93,0.0,1.0,0.0,0.0,3.392857142857143,0.0
93,94,,,,,,
94,95,0.0,0.0,1.0,0.0,0.0,6.071428571428571
95,96,0.0,1.0,0.0,0.0,6.107142857142857,0.0
96,97,,,,,,
97,98,,,,,,
98,99,,,,,,
99,100,,,,,,
100,101,,,,,,
101,102,1.0,0.0,1.0,2.9580357142857143,0.0,6.9525
102,103,0.0,1.0,0.0,0.0,12.256428571428572,0.0
103,104,,,,,,
104,105,,,,,,
105,106,0.0,0.0,0.0,0.0,0.0,0.0
106,107,0.0,0.0,0.0,0.0,0.0,0.0
107,108,0.0,0.0,0.0,0.0,0.0,0.0
108,109,,,,,,
109,110,,,,,,
110,111,,,,,,
111,112,0.0,0.0,1.0,0.0,0.0,12.5
112,113,0.0,0.0,0.0,0.0,0.0,0.0
113,114,0.0,0.0,0.0,0.0,0.0,0.0
114,115,,,,,,
115,116,0.0,0.0,0.0,0.0,0.0,0.0
116,117,,,,,,
117,118,0.0,0.0,1.0,0.0,0.0,11.382499999999999
118,119,,,,,,
119,120,0.0,0.0,1.0,0.0,0.0,7.297857142857143
120,121,,,,,,
121,122,1.0,1.0,0.0,3.2930357142857143,2.857142857142857,0.0
122,123,0.0,0.0,1.0,0.0,0.0,10.46107142857143
123,124,,,,,,
124,125,,,,,,
125,126,,,,,,
126,127,1.0,1.0,1.0,19.354642857142856,0.07142857142857142,14.071428571428571
127,128,,,,,,
128,129,1.0,0.0,1.0,28.295535714285712,0.0,6.138928571428571
129,130,1.0,0.0,0.0,0.06714285714285714,0.0,0.0
130,131,1.0,1.0,0.0,3.1389285714285715,4.642857142857143,0.0
131,132,1.0,0.0,0.0,1.4732142857142858,0.0,0.0
132,133,,,,,,
133,134,0.0,0.0,1.0,0.0,0.0,20.139999999999997
134,135,,,,,,
135,136,0.0,0.0,0.0,0.0,0.0,0.0
136,137,0.0,1.0,0.0,0.0,9.392857142857142,0.0
137,138,,,,,,
138,139,0.0,0.0,0.0,0.0,0.0,0.0
139,140,,,,,,
140,141,,,,,,
141,142,0.0,0.0,0.0,0.0,0.0,0.0
142,143,1.0,0.0,1.0,5.416428571428571,0.0,2.4107142857142856
143,144,,,,,,
144,145,,,,,,
145,146,,,,,,
146,147,0.0,0.0,1.0,0.0,0.0,15.613214285714287
147,148,1.0,0.0,0.0,4.234464285714286,0.0,0.0
148,149,0.0,0.0,0.0,0.0,0.0,0.0
149,150,,,,,,
150,151,,,,,,
151,152,,,,,,
152,153,,,,,,
153,154,,,,,,
154,155,,,,,,
155,156,0.0,0.0,1.0,0.0,0.0,16.317857142857143
156,157,0.0,0.0,0.0,0.0,0.0,0.0
157,158,0.0,0.0,0.0,0.0,0.0,0.0
158,159,0.0,0.0,1.0,0.0,0.0,9.940357142857142
159,160,0.0,0.0,1.0,0.0,0.0,17.0475
160,161,,,,,,
161,162,0.0,0.0,0.0,0.0,0.0,0.0
162,163,0.0,0.0,0.0,0.0,0.0,0.0
163,164,,,,,,
164,165,,,,,,
165,166,,,,,,
166,167,1.0,0.0,0.0,1.7032142857142856,0.0,0.0
167,168,,,,,,
168,169,,,,,,
169,170,,,,,,
170,171,1.0,1.0,0.0,6.762142857142857,9.0,0.0
171,172,0.0,0.0,0.0,0.0,0.0,0.0
172,173,0.0,0.0,0.0,0.0,0.0,0.0
173,174,,,,,,
174,175,,,,,,
175,176,,,,,,
176,177,0.0,0.0,0.0,0.0,0.0,0.0
177,178,1.0,0.0,0.0,1.5814285714285714,0.0,0.0
178,179,0.0,0.0,1.0,0.0,0.0,14.138571428571428
179,180,,,,,,
180,181,0.0,0.0,1.0,0.0,0.0,12.94357142857143
181,182,1.0,0.0,0.0,5.793928571428571,0.0,0.0
182,183,,,,,,
183,184,0.0,1.0,0.0,0.0,5.785714285714286,0.0
184,185,1.0,0.0,0.0,1.5453571428571429,0.0,0.0
185,186,0.0,0.0,0.0,0.0,0.0,0.0
186,187,1.0,0.0,1.0,2.7010714285714283,0.0,15.75
187,188,,,,,,
188,189,0.0,0.0,0.0,0.0,0.0,0.0
189,190,0.0,0.0,0.0,0.0,0.0,0.0
190,191,0.0,0.0,0.0,0.0,0.0,0.0
191,192,0.0,0.0,1.0,0.0,0.0,6.857142857142857
192,193,0.0,0.0,0.0,0.0,0.0,0.0
193,194,0.0,1.0,0.0,0.0,5.4071428571428575,0.0
194,195,0.0,0.0,0.0,0.0,0.0,0.0
195,196,,,,,,
196,197,,,,,,
197,198,0.0,0.0,0.0,0.0,0.0,0.0
198,199,,,,,,
199,200,,,,,,
200,201,,,,,,
201,202,0.0,0.0,0.0,0.0,0.0,0.0
202,203,1.0,1.0,1.0,0.6416071428571428,16.945357142857144,5.714285714285714
203,204,0.0,0.0,0.0,0.0,0.0,0.0
204,205,0.0,0.0,0.0,0.0,0.0,0.0
205,206,,,,,,
206,207,,,,,,
207,208,0.0,0.0,1.0,0.0,0.0,5.801785714285714
208,209,1.0,0.0,0.0,0.26071428571428573,0.0,0.0
209,210,0.0,0.0,0.0,0.0,0.0,0.0
210,211,,,,,,
211,212,0.0,0.0,0.0,0.0,0.0,0.0
212,213,0.0,0.0,1.0,0.0,0.0,19.107142857142858
213,214,,,,,,
214,215,0.0,0.0,1.0,0.0,0.0,12.511785714285713
215,216,,,,,,
216,217,,,,,,
217,218,0.0,0.0,0.0,0.0,0.0,0.0
218,219,0.0,1.0,0.0,0.0,4.286785714285714,0.0
219,220,0.0,0.0,0.0,0.0,0.0,0.0
220,221,0.0,0.0,1.0,0.0,0.0,7.243214285714286
221,222,1.0,0.0,1.0,8.917321428571428,0.0,2.107142857142857
222,223,,,,,,
223,224,,,,,,
224,225,0.0,0.0,1.0,0.0,0.0,8.130714285714285
225,226,,,,,,
226,227,,,,,,
227,228,,,,,,
228,229,,,,,,
229,230,0.0,1.0,0.0,0.0,1.9642857142857142,0.0
230,231,,,,,,
231,232,,,,,,
232,233,,,,,,
233,234,0.0,1.0,0.0,0.0,0.21428571428571427,0.0
234,235,,,,,,
235,236,0.0,1.0,1.0,0.0,4.821428571428571,32.13285714285714
236,237,,,,,,
237,238,0.0,0.0,0.0,0.0,0.0,0.0
238,239,,,,,,
239,240,,,,,,
240,241,0.0,0.0,1.0,0.0,0.0,23.714285714285715
241,242,0.0,0.0,0.0,0.0,0.0,0.0
242,243,,,,,,
243,244,1.0,0.0,0.0,9.155357142857143,0.0,0.0
244,245,0.0,0.0,1.0,0.0,0.0,5.685357142857143
245,246,,,,,,
246,247,0.0,0.0,0.0,0.0,0.0,0.0
247,248,0.0,1.0,0.0,0.0,10.608214285714284,0.0
248,249,0.0,0.0,1.0,0.0,0.0,11.75
249,250,0.0,0.0,0.0,0.0,0.0,0.0
250,251,0.0,0.0,0.0,0.0,0.0,0.0
251,252,0.0,1.0,0.0,0.0,5.638571428571429,0.0
252,253,0.0,0.0,0.0,0.0,0.0,0.0
253,254,0.0,0.0,0.0,0.0,0.0,0.0
254,255,,,,,,
255,256,0.0,0.0,0.0,0.0,0.0,0.0
256,257,,,,,,
257,258,,,,,,
258,259,0.0,0.0,0.0,0.0,0.0,0.0
259,260,,,,,,
260,261,,,,,,
261,262,0.0,0.0,0.0,0.0,0.0,0.0
262,263,,,,,,
263,264,0.0,0.0,0.0,0.0,0.0,0.0
264,265,,,,,,
265,266,,,,,,
266,267,,,,,,
267,268,0.0,0.0,0.0,0.0,0.0,0.0
268,269,0.0,0.0,1.0,0.0,0.0,12.547857142857142
269,270,,,,,,
270,271,0.0,1.0,1.0,0.0,3.573928571428571,6.642857142857143
271,272,0.0,0.0,1.0,0.0,0.0,13.469642857142857
272,273,,,,,,
273,274,,,,,,
274,275,0.0,1.0,0.0,0.0,6.428571428571429,0.0
275,276,,,,,,
276,277,0.0,1.0,0.0,0.0,2.429642857142857,0.0
277,278,1.0,0.0,0.0,6.1883928571428575,0.0,0.0
278,279,0.0,0.0,1.0,0.0,0.0,4.214285714285714
279,280,0.0,0.0,0.0,0.0,0.0,0.0
280,281,0.0,0.0,0.0,0.0,0.0,0.0
281,282,0.0,1.0,0.0,0.0,7.3567857142857145,0.0
282,283,,,,,,
283,284,0.0,1.0,1.0,0.0,0.8932142857142857,14.988214285714287
284,285,0.0,1.0,0.0,0.0,5.642857142857143,0.0
285,286,,,,,,
286,287,1.0,0.0,0.0,18.486785714285713,0.0,0.0
287,288,0.0,0.0,0.0,0.0,0.0,0.0
288,289,,,,,,
289,290,0.0,0.0,0.0,0.0,0.0,0.0
290,291,0.0,1.0,0.0,0.0,6.607142857142857,0.0
291,292,1.0,0.0,0.0,0.64125,0.0,0.0
292,293,,,,,,
293,294,1.0,0.0,0.0,10.098749999999999,0.0,0.0
294,295,0.0,0.0,0.0,0.0,0.0,0.0
295,296,,,,,,
296,297,0.0,0.0,0.0,0.0,0.0,0.0
297,298,0.0,0.0,1.0,0.0,0.0,22.96642857142857
298,299,,,,,,
299,300,0.0,0.0,1.0,0.0,0.0,12.035714285714286
300,301,,,,,,
301,302,0.0,0.0,0.0,0.0,0.0,0.0
302,303,0.0,0.0,1.0,0.0,0.0,5.178571428571429
303,304,0.0,0.0,1.0,0.0,0.0,20.071428571428573
304,305,,,,,,
305,306,0.0,1.0,0.0,0.0,5.357142857142857,0.0
306,307,,,,,,
307,308,0.0,0.0,0.0,0.0,0.0,0.0
308,309,,,,,,
309,310,1.0,0.0,0.0,56.13982142857143,0.0,0.0
310,311,,,,,,
311,312,,,,,,
312,313,,,,,,
313,314,,,,,,
314,315,0.0,0.0,0.0,0.0,0.0,0.0
315,316,0.0,0.0,1.0,0.0,0.0,15.015357142857143
316,317,0.0,1.0,0.0,0.0,4.286785714285714,0.0
317,318,,,,,,
318,319,1.0,0.0,0.0,5.415,0.0,0.0
319,320,0.0,0.0,0.0,0.0,0.0,0.0
320,321,0.0,0.0,0.0,0.0,0.0,0.0
321,322,0.0,1.0,0.0,0.0,1.7857142857142858,0.0
322,323,1.0,1.0,0.0,0.7625000000000001,4.036785714285714,0.0
323,324,0.0,0.0,0.0,0.0,0.0,0.0
324,325,,,,,,
325,326,,,,,,
326,327,0.0,0.0,1.0,0.0,0.0,13.0
327,328,0.0,0.0,0.0,0.0,0.0,0.0
328,329,,,,,,
329,330,,,,,,
330,331,,,,,,
331,332,,,,,,
332,333,,,,,,
333,334,0.0,1.0,0.0,0.0,1.7867857142857144,0.0
334,335,0.0,0.0,1.0,0.0,0.0,4.25
335,336,,,,,,
336,337,0.0,0.0,0.0,0.0,0.0,0.0
337,338,,,,,,
338,339,1.0,0.0,0.0,8.502857142857144,0.0,0.0
339,340,,,,,,
340,341,0.0,0.0,1.0,0.0,0.0,9.75
341,342,,,,,,
342,343,0.0,0.0,0.0,0.0,0.0,0.0
343,344,0.0,0.0,0.0,0.0,0.0,0.0
344,345,,,,,,
345,346,0.0,0.0,0.0,0.0,0.0,0.0
346,347,,,,,,
347,348,0.0,0.0,1.0,0.0,0.0,8.321428571428571
348,349,1.0,0.0,0.0,65.70410714285714,0.0,0.0
349,350,,,,,,
350,351,0.0,1.0,0.0,0.0,3.607142857142857,0.0
351,352,,,,,,
352,353,,,,,,
353,354,,,,,,
354,355,,,,,,
355,356,,,,,,
356,357,,,,,,
357,358,,,,,,
358,359,,,,,,
359,360,0.0,0.0,1.0,0.0,0.0,14.198214285714286
360,361,0.0,0.0,0.0,0.0,0.0,0.0
361,362,,,,,,
362,363,0.0,0.0,0.0,0.0,0.0,0.0
363,364,,,,,,
364,365,0.0,1.0,0.0,0.0,0.8917857142857143,0.0
365,366,0.0,0.0,0.0,0.0,0.0,0.0
366,367,,,,,,
367,368,,,,,,
368,369,,,,,,
369,370,0.0,0.0,0.0,0.0,0.0,0.0
370,371,0.0,0.0,0.0,0.0,0.0,0.0
371,372,1.0,1.0,1.0,24.545892857142857,1.7867857142857144,17.214285714285715
372,373,,,,,,
373,374,0.0,1.0,0.0,0.0,76.85928571428572,0.0
374,375,,,,,,
375,376,0.0,0.0,0.0,0.0,0.0,0.0
376,377,0.0,0.0,0.0,0.0,0.0,0.0
377,378,0.0,0.0,0.0,0.0,0.0,0.0
378,379,,,,,,
379,380,0.0,0.0,1.0,0.0,0.0,15.821428571428571
380,381,,,,,,
381,382,,,,,,
382,383,,,,,,
383,384,0.0,1.0,1.0,0.0,6.107142857142857,12.50607142857143
384,385,0.0,1.0,0.0,0.0,4.5,0.0
385,386,,,,,,
386,387,0.0,0.0,1.0,0.0,0.0,10.310357142857143
387,388,0.0,1.0,1.0,0.0,37.23321428571428,7.285714285714286
388,389,,,,,,
389,390,1.0,0.0,0.0,1.3798214285714285,0.0,0.0
390,391,0.0,0.0,0.0,0.0,0.0,0.0
391,392,,,,,,
392,393,0.0,0.0,0.0,0.0,0.0,0.0
393,394,,,,,,
394,395,0.0,1.0,0.0,0.0,7.0,0.0
395,396,,,,,,
396,397,0.0,0.0,0.0,0.0,0.0,0.0
397,398,1.0,0.0,0.0,0.9701785714285714,0.0,0.0
398,399,1.0,0.0,0.0,0.08750000000000001,0.0,0.0
399,400,,,,,,
400,401,,,,,,
401,402,0.0,0.0,0.0,0.0,0.0,0.0
402,403,,,,,,
403,404,0.0,0.0,1.0,0.0,0.0,21.0
404,405,0.0,0.0,0.0,0.0,0.0,0.0
405,406,,,,,,
406,407,0.0,0.0,0.0,0.0,0.0,0.0
407,408,0.0,1.0,1.0,0.0,7.0,13.25
408,409,,,,,,
409,410,,,,,,
410,411,,,,,,
411,412,0.0,1.0,0.0,0.0,0.8939285714285715,0.0
412,413,0.0,0.0,1.0,0.0,0.0,11.714285714285714
413,414,0.0,0.0,0.0,0.0,0.0,0.0
414,415,0.0,1.0,1.0,0.0,16.428571428571427,27.2575
415,416,1.0,0.0,0.0,10.363035714285715,0.0,0.0
416,417,0.0,0.0,1.0,0.0,0.0,36.050714285714285
417,418,0.0,0.0,0.0,0.0,0.0,0.0
418,419,,,,,,
419,420,0.0,1.0,0.0,0.0,6.785714285714286,0.0
420,421,0.0,0.0,1.0,0.0,0.0,10.678571428571429
421,422,0.0,0.0,1.0,0.0,0.0,1.0714285714285714
422,423,,,,,,
423,424,0.0,0.0,0.0,0.0,0.0,0.0
424,425,0.0,0.0,0.0,0.0,0.0,0.0
425,426,,,,,,
426,427,,,,,,
427,428,0.0,1.0,0.0,0.0,2.7142857142857144,0.0
428,429,,,,,,
429,430,,,,,,
430,431,,,,,,
431,432,,,,,,
432,433,0.0,0.0,0.0,0.0,0.0,0.0
433,434,0.0,0.0,0.0,0.0,0.0,0.0
434,435,,,,,,
435,436,0.0,0.0,0.0,0.0,0.0,0.0
436,437,1.0,0.0,0.0,54.330357142857146,0.0,0.0
437,438,0.0,1.0,1.0,0.0,4.285714285714286,18.1725
438,439,,,,,,
439,440,,,,,,
440,441,0.0,0.0,1.0,0.0,0.0,6.25
441,442,0.0,0.0,0.0,0.0,0.0,0.0
442,443,0.0,0.0,0.0,0.0,0.0,0.0
443,444,0.0,0.0,1.0,0.0,0.0,12.046071428571429
444,445,1.0,0.0,0.0,1.368392857142857,0.0,0.0
445,446,0.0,0.0,0.0,0.0,0.0,0.0
446,447,0.0,0.0,1.0,0.0,0.0,9.916785714285714
447,448,1.0,1.0,1.0,1.7108928571428572,213.29285714285714,22.424642857142857
448,449,0.0,1.0,0.0,0.0,0.8939285714285715,0.0
449,450,0.0,1.0,1.0,0.0,5.179642857142857,15.184285714285716
450,451,0.0,0.0,1.0,0.0,0.0,3.261071428571429
451,452,0.0,1.0,0.0,0.0,1.9642857142857142,0.0
452,453,0.0,0.0,0.0,0.0,0.0,0.0
453,454,,,,,,
454,455,0.0,1.0,1.0,0.0,18.292142857142856,10.571428571428571
455,456,,,,,,
456,457,0.0,0.0,0.0,0.0,0.0,0.0
457,458,,,,,,
458,459,,,,,,
459,460,,,,,,
460,461,0.0,0.0,0.0,0.0,0.0,0.0
461,462,0.0,0.0,0.0,0.0,0.0,0.0
462,463,,,,,,
463,464,,,,,,
464,465,0.0,1.0,0.0,0.0,8.0,0.0
465,466,0.0,0.0,0.0,0.0,0.0,0.0
466,467,,,,,,
467,468,,,,,,
468,469,0.0,0.0,0.0,0.0,0.0,0.0
469,470,0.0,0.0,1.0,0.0,0.0,10.607142857142858
470,471,,,,,,
471,472,0.0,0.0,0.0,0.0,0.0,0.0
472,473,,,,,,
473,474,,,,,,
474,475,0.0,1.0,0.0,0.0,42.68857142857143,0.0
475,476,,,,,,
476,477,1.0,0.0,1.0,22.098214285714285,0.0,4.214285714285714
477,478,0.0,1.0,0.0,0.0,4.5,0.0
478,479,0.0,1.0,0.0,0.0,102.14642857142857,0.0
479,480,0.0,0.0,1.0,0.0,0.0,10.714285714285714
480,481,0.0,0.0,0.0,0.0,0.0,0.0
481,482,0.0,0.0,1.0,0.0,0.0,10.821428571428571
482,483,0.0,0.0,1.0,0.0,0.0,10.809642857142858
483,484,,,,,,
484,485,,,,,,
485,486,0.0,0.0,0.0,0.0,0.0,0.0
486,487,,,,,,
487,488,,,,,,
488,489,0.0,0.0,0.0,0.0,0.0,0.0
489,490,,,,,,
490,491,0.0,0.0,1.0,0.0,0.0,5.162857142857143
491,492,0.0,1.0,1.0,0.0,13.214285714285714,1.0714285714285714
492,493,0.0,0.0,0.0,0.0,0.0,0.0
493,494,1.0,0.0,0.0,4.361785714285714,0.0,0.0
494,495,0.0,0.0,1.0,0.0,0.0,4.488214285714286
495,496,,,,,,
496,497,0.0,1.0,0.0,0.0,3.5357142857142856,0.0
497,498,,,,,,
498,499,1.0,0.0,0.0,0.5701785714285714,0.0,0.0
499,500,1.0,0.0,1.0,5.881964285714285,0.0,10.083214285714286
500,501,0.0,0.0,1.0,0.0,0.0,15.952142857142858
501,502,1.0,0.0,0.0,6.042321428571428,0.0,0.0
502,503,0.0,0.0,1.0,0.0,0.0,2.107142857142857
503,504,,,,,,
504,505,,,,,,
505,506,,,,,,
506,507,1.0,0.0,0.0,1.7980357142857142,0.0,0.0
507,508,0.0,0.0,0.0,0.0,0.0,0.0
508,509,0.0,0.0,1.0,0.0,0.0,10.107142857142858
509,510,1.0,0.0,0.0,35.51571428571429,0.0,0.0
510,511,,,,,,
511,512,1.0,0.0,0.0,0.7430357142857142,0.0,0.0
512,513,,,,,,
513,514,0.0,0.0,0.0,0.0,0.0,0.0
514,515,0.0,0.0,1.0,0.0,0.0,13.033928571428572
515,516,,,,,,
516,517,,,,,,
517,518,0.0,1.0,1.0,0.0,4.928571428571429,12.208214285714286
518,519,0.0,1.0,1.0,0.0,5.892857142857143,5.5
519,520,0.0,1.0,0.0,0.0,0.21428571428571427,0.0
520,521,,,,,,
521,522,,,,,,
522,523,,,,,,
523,524,,,,,,
524,525,1.0,1.0,1.0,5.942857142857143,2.108214285714286,7.586428571428571
525,526,0.0,0.0,0.0,0.0,0.0,0.0
526,527,1.0,0.0,1.0,0.656607142857143,0.0,2.6785714285714284
527,528,,,,,,
528,529,1.0,1.0,0.0,0.9769642857142857,1.7867857142857144,0.0
529,530,,,,,,
530,531,,,,,,
531,532,,,,,,
532,533,1.0,0.0,0.0,0.4473214285714286,0.0,0.0
533,534,0.0,0.0,0.0,0.0,0.0,0.0
534,535,,,,,,
535,536,0.0,0.0,0.0,0.0,0.0,0.0
536,537,0.0,0.0,1.0,0.0,0.0,13.214285714285714
537,538,,,,,,
538,539,,,,,,
539,540,,,,,,
540,541,,,,,,
541,542,0.0,1.0,1.0,0.0,1.7857142857142858,20.214285714285715
542,543,,,,,,
543,544,1.0,0.0,1.0,0.059821428571428574,0.0,17.785714285714285
544,545,,,,,,
545,546,0.0,1.0,0.0,0.0,8.928214285714287,0.0
546,547,1.0,0.0,0.0,2.1423214285714285,0.0,0.0
547,548,0.0,0.0,0.0,0.0,0.0,0.0
548,549,0.0,0.0,0.0,0.0,0.0,0.0
549,550,0.0,0.0,0.0,0.0,0.0,0.0
550,551,0.0,0.0,0.0,0.0,0.0,0.0
551,552,0.0,0.0,0.0,0.0,0.0,0.0
552,553,0.0,0.0,1.0,0.0,0.0,29.78107142857143
553,554,0.0,1.0,0.0,0.0,1.7857142857142858,0.0
554,555,,,,,,
555,556,1.0,0.0,0.0,4.179285714285714,0.0,0.0
556,557,1.0,0.0,1.0,0.3964285714285714,0.0,2.380714285714286
557,558,0.0,0.0,1.0,0.0,0.0,8.318214285714285
558,559,,,,,,
559,560,0.0,0.0,0.0,0.0,0.0,0.0
560,561,0.0,0.0,1.0,0.0,0.0,5.214285714285714
561,562,,,,,,
562,563,0.0,1.0,0.0,0.0,1.3225,0.0
563,564,0.0,1.0,0.0,0.0,28.705000000000002,0.0
564,565,,,,,,
565,566,,,,,,
566,567,,,,,,
567,568,0.0,1.0,0.0,0.0,5.356071428571428,0.0
568,569,0.0,1.0,0.0,0.0,3.607142857142857,0.0
569,570,,,,,,
570,571,,,,,,
571,572,0.0,0.0,0.0,0.0,0.0,0.0
572,573,0.0,0.0,0.0,0.0,0.0,0.0
573,574,0.0,0.0,0.0,0.0,0.0,0.0
574,575,0.0,1.0,1.0,0.0,15.291785714285714,8.420714285714286
575,576,0.0,1.0,0.0,0.0,4.3967857142857145,0.0
576,577,,,,,,
577,578,1.0,0.0,1.0,10.883571428571429,0.0,9.992500000000001
578,579,,,,,,
579,580,0.0,0.0,0.0,0.0,0.0,0.0
580,581,0.0,0.0,0.0,0.0,0.0,0.0
581,582,0.0,0.0,1.0,0.0,0.0,9.589285714285714
582,583,,,,,,
583,584,0.0,0.0,1.0,0.0,0.0,8.75
584,585,0.0,1.0,0.0,0.0,6.253214285714286,0.0
585,586,,,,,,
586,587,,,,,,
587,588,0.0,0.0,0.0,0.0,0.0,0.0
588,589,0.0,0.0,0.0,0.0,0.0,0.0
589,590,,,,,,
590,591,1.0,1.0,0.0,0.5228571428571429,1.7867857142857144,0.0
591,592,,,,,,
592,593,0.0,0.0,1.0,0.0,0.0,8.5
593,594,,,,,,
594,595,,,,,,
595,596,,,,,,
596,597,0.0,0.0,0.0,0.0,0.0,0.0
597,598,1.0,0.0,0.0,0.16357142857142856,0.0,0.0
598,599,0.0,0.0,0.0,0.0,0.0,0.0
599,600,0.0,0.0,1.0,0.0,0.0,10.928571428571429
600,601,0.0,1.0,0.0,0.0,6.8625,0.0
601,602,0.0,0.0,0.0,0.0,0.0,0.0
602,603,,,,,,
603,604,1.0,0.0,0.0,3.0798214285714285,0.0,0.0
604,605,0.0,0.0,0.0,0.0,0.0,0.0
605,606,0.0,0.0,0.0,0.0,0.0,0.0
606,607,,,,,,
607,608,1.0,0.0,1.0,3.20375,0.0,7.753928571428572
608,609,0.0,0.0,0.0,0.0,0.0,0.0
609,610,0.0,0.0,0.0,0.0,0.0,0.0
610,611,1.0,0.0,1.0,17.25375,0.0,10.386785714285713
611,612,0.0,0.0,0.0,0.0,0.0,0.0
612,613,0.0,1.0,0.0,0.0,0.8928571428571429,0.0
613,614,1.0,1.0,1.0,83.03803571428571,3.7510714285714286,4.248214285714286
614,615,1.0,0.0,0.0,2.8075,0.0,0.0
615,616,,,,,,
616,617,0.0,1.0,0.0,0.0,110.47,0.0
617,618,0.0,1.0,0.0,0.0,18.571428571428573,0.0
618,619,0.0,0.0,0.0,0.0,0.0,0.0
619,620,,,,,,
620,621,0.0,0.0,0.0,0.0,0.0,0.0
621,622,,,,,,
622,623,0.0,0.0,0.0,0.0,0.0,0.0
623,624,0.0,0.0,0.0,0.0,0.0,0.0
624,625,,,,,,
625,626,,,,,,
626,627,0.0,0.0,1.0,0.0,0.0,9.3025
627,628,0.0,1.0,0.0,0.0,5.465357142857143,0.0
628,629,0.0,1.0,0.0,0.0,49.080714285714286,0.0
629,630,0.0,0.0,1.0,0.0,0.0,16.925
630,631,0.0,0.0,0.0,0.0,0.0,0.0
631,632,1.0,0.0,1.0,10.284642857142858,0.0,13.5475
632,633,,,,,,
633,634,0.0,1.0,0.0,0.0,6.857142857142857,0.0
634,635,,,,,,
635,636,0.0,0.0,0.0,0.0,0.0,0.0
636,637,,,,,,
637,638,0.0,0.0,0.0,0.0,0.0,0.0
638,639,1.0,1.0,1.0,11.376428571428573,1.3214285714285714,11.571428571428571
639,640,,,,,,
640,641,,,,,,
641,642,0.0,0.0,1.0,0.0,0.0,14.558214285714286
642,643,1.0,0.0,1.0,32.04017857142857,0.0,15.293571428571429
643,644,1.0,1.0,0.0,9.13892857142857,4.286785714285714,0.0
644,645,0.0,0.0,0.0,0.0,0.0,0.0
645,646,0.0,0.0,0.0,0.0,0.0,0.0
646,647,,,,,,
647,648,1.0,1.0,0.0,0.7751785714285714,8.214285714285714,0.0
648,649,0.0,1.0,0.0,0.0,3.0,0.0
649,650,,,,,,
650,651,,,,,,
651,652,,,,,,
652,653,0.0,0.0,0.0,0.0,0.0,0.0
653,654,,,,,,
654,655,,,,,,
655,656,,,,,,
656,657,0.0,0.0,0.0,0.0,0.0,0.0
657,658,0.0,1.0,1.0,0.0,0.21428571428571427,6.233928571428572
658,659,,,,,,
659,660,,,,,,
660,661,0.0,0.0,0.0,0.0,0.0,0.0
661,662,0.0,0.0,1.0,0.0,0.0,13.857142857142858
662,663,0.0,0.0,0.0,0.0,0.0,0.0
663,664,,,,,,
664,665,,,,,,
665,666,0.0,1.0,0.0,0.0,6.785714285714286,0.0
666,667,,,,,,
667,668,,,,,,
668,669,,,,,,
669,670,0.0,0.0,0.0,0.0,0.0,0.0
670,671,0.0,0.0,0.0,0.0,0.0,0.0
671,672,0.0,1.0,0.0,0.0,1.9642857142857142,0.0
672,673,1.0,0.0,1.0,24.135892857142856,0.0,12.508571428571429
673,674,,,,,,
674,675,1.0,0.0,0.0,0.01767857142857143,0.0,0.0
675,676,,,,,,
676,677,,,,,,
677,678,0.0,0.0,1.0,0.0,0.0,17.154642857142857
678,679,0.0,1.0,1.0,0.0,3.392857142857143,6.9675
679,680,0.0,0.0,0.0,0.0,0.0,0.0
680,681,,,,,,
681,682,0.0,1.0,1.0,0.0,0.21428571428571427,9.392857142857142
682,683,1.0,0.0,0.0,0.19232142857142856,0.0,0.0
683,684,0.0,0.0,0.0,0.0,0.0,0.0
684,685,,,,,,
685,686,1.0,1.0,1.0,0.6292857142857143,8.392857142857142,18.785714285714285
686,687,0.0,0.0,0.0,0.0,0.0,0.0
687,688,,,,,,
688,689,0.0,0.0,0.0,0.0,0.0,0.0
689,690,,,,,,
690,691,0.0,0.0,1.0,0.0,0.0,4.642857142857143
691,692,0.0,1.0,1.0,0.0,4.285714285714286,13.13107142857143
692,693,1.0,0.0,1.0,0.21357142857142858,0.0,17.107142857142858
693,694,0.0,1.0,0.0,0.0,5.5725,0.0
694,695,,,,,,
695,696,,,,,,
696,697,,,,,,
697,698,0.0,0.0,0.0,0.0,0.0,0.0
698,699,,,,,,
699,700,1.0,0.0,0.0,40.67785714285714,0.0,0.0
700,701,,,,,,
701,702,0.0,0.0,0.0,0.0,0.0,0.0
702,703,0.0,0.0,1.0,0.0,0.0,2.107142857142857
703,704,0.0,1.0,0.0,0.0,7.1075,0.0
704,705,0.0,1.0,0.0,0.0,2.138571428571429,0.0
705,706,,,,,,
706,707,,,,,,
707,708,,,,,,
708,709,0.0,1.0,0.0,0.0,3.965357142857143,0.0
709,710,,,,,,
710,711,0.0,0.0,0.0,0.0,0.0,0.0
711,712,0.0,0.0,0.0,0.0,0.0,0.0
712,713,0.0,0.0,1.0,0.0,0.0,11.875
713,714,0.0,1.0,0.0,0.0,0.21428571428571427,0.0
714,715,,,,,,
715,716,0.0,0.0,0.0,0.0,0.0,0.0
716,717,,,,,,
717,718,1.0,0.0,0.0,8.301785714285714,0.0,0.0
718,719,0.0,0.0,0.0,0.0,0.0,0.0
719,720,0.0,0.0,1.0,0.0,0.0,10.1575
720,721,0.0,1.0,0.0,0.0,4.464285714285714,0.0
721,722,0.0,0.0,0.0,0.0,0.0,0.0
722,723,0.0,0.0,0.0,0.0,0.0,0.0
723,724,,,,,,
724,725,1.0,0.0,0.0,2.5944642857142854,0.0,0.0
725,726,,,,,,
726,727,,,,,,
727,728,,,,,,
728,729,0.0,1.0,1.0,0.0,3.5021428571428572,28.14892857142857
729,730,0.0,1.0,1.0,0.0,7.535714285714286,2.4285714285714284
730,731,,,,,,
731,732,1.0,0.0,1.0,3.0301785714285714,0.0,10.214285714285714
732,733,,,,,,
733,734,0.0,1.0,0.0,0.0,4.501071428571429,0.0
734,735,1.0,0.0,0.0,4.37375,0.0,0.0
735,736,0.0,0.0,0.0,0.0,0.0,0.0
736,737,0.0,0.0,0.0,0.0,0.0,0.0
737,738,,,,,,
738,739,0.0,1.0,1.0,0.0,2.138571428571429,7.785714285714286
739,740,0.0,0.0,0.0,0.0,0.0,0.0
740,741,0.0,1.0,0.0,0.0,8.934285714285714,0.0
741,742,0.0,0.0,0.0,0.0,0.0,0.0
742,743,0.0,0.0,0.0,0.0,0.0,0.0
743,744,0.0,0.0,0.0,0.0,0.0,0.0
744,745,0.0,0.0,0.0,0.0,0.0,0.0
745,746,0.0,0.0,0.0,0.0,0.0,0.0
746,747,1.0,0.0,1.0,0.25,0.0,3.892857142857143
747,748,,,,,,
748,749,,,,,,
749,750,,,,,,
750,751,0.0,0.0,0.0,0.0,0.0,0.0
751,752,,,,,,
752,753,0.0,0.0,0.0,0.0,0.0,0.0
753,754,0.0,1.0,1.0,0.0,39.276785714285715,9.176785714285714
754,755,0.0,0.0,0.0,0.0,0.0,0.0
755,756,,,,,,
756,757,1.0,0.0,0.0,9.93982142857143,0.0,0.0
757,758,0.0,0.0,0.0,0.0,0.0,0.0
758,759,,,,,,
759,760,,,,,,
760,761,0.0,0.0,0.0,0.0,0.0,0.0
761,762,0.0,1.0,0.0,0.0,0.21428571428571427,0.0
762,763,0.0,0.0,0.0,0.0,0.0,0.0
763,764,0.0,0.0,0.0,0.0,0.0,0.0
764,765,,,,,,
765,766,,,,,,
766,767,1.0,0.0,0.0,0.6869642857142857,0.0,0.0
767,768,,,,,,
768,769,,,,,,
769,770,1.0,0.0,0.0,1.595357142857143,0.0,0.0
770,771,0.0,0.0,0.0,0.0,0.0,0.0
771,772,,,,,,
772,773,0.0,0.0,0.0,0.0,0.0,0.0
773,774,0.0,0.0,0.0,0.0,0.0,0.0
774,775,1.0,0.0,1.0,1.9960714285714285,0.0,19.035714285714285
775,776,0.0,0.0,1.0,0.0,0.0,3.1489285714285713
776,777,1.0,0.0,1.0,0.99125,0.0,12.438571428571427
777,778,,,,,,
778,779,,,,,,
779,780,,,,,,
780,781,,,,,,
781,782,0.0,1.0,0.0,0.0,2.0010714285714286,0.0
782,783,,,,,,
783,784,0.0,0.0,0.0,0.0,0.0,0.0
784,785,,,,,,
785,786,,,,,,
786,787,,,,,,
787,788,,,,,,
788,789,0.0,0.0,0.0,0.0,0.0,0.0
789,790,1.0,0.0,0.0,6.080178571428571,0.0,0.0
790,791,,,,,,
791,792,1.0,0.0,1.0,52.61821428571428,0.0,16.2475
792,793,0.0,1.0,0.0,0.0,6.892857142857143,0.0
793,794,,,,,,
794,795,0.0,0.0,1.0,0.0,0.0,10.333571428571428
795,796,,,,,,
796,797,,,,,,
797,798,,,,,,
798,799,,,,,,
799,800,0.0,0.0,0.0,0.0,0.0,0.0
800,801,1.0,1.0,0.0,51.965535714285714,3.9285714285714284,0.0
801,802,0.0,0.0,1.0,0.0,0.0,13.071428571428571
802,803,,,,,,
803,804,0.0,0.0,0.0,0.0,0.0,0.0
804,805,0.0,0.0,0.0,0.0,0.0,0.0
805,806,0.0,0.0,1.0,0.0,0.0,12.023928571428572
806,807,,,,,,
807,808,0.0,0.0,1.0,0.0,0.0,7.428571428571429
808,809,0.0,1.0,1.0,0.0,6.964285714285714,8.262142857142857
809,810,0.0,0.0,0.0,0.0,0.0,0.0
810,811,,,,,,
811,812,0.0,0.0,0.0,0.0,0.0,0.0
812,813,,,,,,
813,814,0.0,0.0,0.0,0.0,0.0,0.0
814,815,0.0,0.0,0.0,0.0,0.0,0.0
815,816,,,,,,
816,817,,,,,,
817,818,,,,,,
818,819,0.0,0.0,0.0,0.0,0.0,0.0
819,820,,,,,,
820,821,0.0,0.0,1.0,0.0,0.0,10.25
821,822,0.0,0.0,0.0,0.0,0.0,0.0
822,823,0.0,0.0,0.0,0.0,0.0,0.0
823,824,0.0,0.0,0.0,0.0,0.0,0.0
824,825,0.0,0.0,0.0,0.0,0.0,0.0
825,826,0.0,0.0,1.0,0.0,0.0,2.8214285714285716
826,827,0.0,1.0,1.0,0.0,7.928571428571429,12.242142857142856
827,828,,,,,,
828,829,,,,,,
829,830,,,,,,
830,831,1.0,0.0,0.0,2.024642857142857,0.0,0.0
831,832,,,,,,
832,833,0.0,1.0,0.0,0.0,4.999285714285714,0.0
833,834,,,,,,
834,835,,,,,,
835,836,1.0,1.0,0.0,3.416607142857143,11.0,0.0
836,837,0.0,0.0,0.0,0.0,0.0,0.0
837,838,0.0,0.0,1.0,0.0,0.0,3.892857142857143
838,839,,,,,,
839,840,0.0,1.0,0.0,0.0,3.5107142857142857,0.0
840,841,,,,,,
841,842,,,,,,
842,843,0.0,0.0,0.0,0.0,0.0,0.0
843,844,,,,,,
844,845,0.0,0.0,0.0,0.0,0.0,0.0
845,846,0.0,0.0,1.0,0.0,0.0,2.5535714285714284
846,847,,,,,,
847,848,0.0,0.0,0.0,0.0,0.0,0.0
848,849,0.0,0.0,1.0,0.0,0.0,12.868214285714286
849,850,0.0,1.0,0.0,0.0,0.8939285714285715,0.0
850,851,,,,,,
851,852,,,,,,
852,853,,,,,,
853,854,,,,,,
854,855,0.0,0.0,1.0,0.0,0.0,17.642857142857142
855,856,0.0,0.0,0.0,0.0,0.0,0.0
856,857,0.0,0.0,0.0,0.0,0.0,0.0
857,858,0.0,0.0,0.0,0.0,0.0,0.0
858,859,0.0,0.0,1.0,0.0,0.0,4.166785714285714
859,860,0.0,0.0,1.0,0.0,0.0,9.107142857142858
860,861,,,,,,
861,862,,,,,,
862,863,0.0,0.0,1.0,0.0,0.0,22.607142857142858
863,864,1.0,0.0,0.0,30.697321428571428,0.0,0.0
864,865,0.0,0.0,1.0,0.0,0.0,7.535714285714286
865,866,,,,,,
866,867,0.0,1.0,0.0,0.0,3.392857142857143,0.0
867,868,,,,,,
868,869,0.0,0.0,0.0,0.0,0.0,0.0
869,870,,,,,,
870,871,,,,,,
871,872,1.0,0.0,0.0,3.3466071428571427,0.0,0.0
872,873,0.0,1.0,1.0,0.0,16.52357142857143,12.75
873,874,0.0,0.0,0.0,0.0,0.0,0.0
874,875,1.0,0.0,0.0,0.28232142857142856,0.0,0.0
875,876,,,,,,
876,877,0.0,0.0,0.0,0.0,0.0,0.0
877,878,,,,,,
878,879,0.0,0.0,0.0,0.0,0.0,0.0
879,880,1.0,0.0,0.0,1.2494642857142857,0.0,0.0
880,881,0.0,0.0,1.0,0.0,0.0,6.664642857142858
881,882,0.0,0.0,0.0,0.0,0.0,0.0
882,883,1.0,0.0,0.0,2.2319642857142856,0.0,0.0
883,884,0.0,0.0,1.0,0.0,0.0,9.029642857142857
884,885,0.0,0.0,0.0,0.0,0.0,0.0
885,886,,,,,,
886,887,,,,,,
887,888,0.0,0.0,0.0,0.0,0.0,0.0
888,889,,,,,,
889,890,1.0,1.0,0.0,8.936964285714286,4.25,0.0
890,891,,,,,,
891,892,0.0,0.0,0.0,0.0,0.0,0.0
892,893,,,,,,
893,894,,,,,,
894,895,0.0,1.0,0.0,0.0,4.286785714285714,0.0
895,896,0.0,0.0,0.0,0.0,0.0,0.0
896,897,,,,,,
897,898,0.0,1.0,0.0,0.0,11.535714285714286,0.0
898,899,,,,,,
899,900,0.0,1.0,1.0,0.0,7.392857142857143,24.797500000000003
900,901,1.0,0.0,0.0,0.14482142857142857,0.0,0.0
901,902,,,,,,
902,903,1.0,0.0,0.0,4.637857142857143,0.0,0.0
903,904,0.0,0.0,1.0,0.0,0.0,8.321428571428571
904,905,1.0,1.0,1.0,1.7610714285714286,0.8928571428571429,13.166785714285714
905,906,0.0,0.0,1.0,0.0,0.0,2.107142857142857
906,907,1.0,0.0,0.0,2.288392857142857,0.0,0.0
907,908,0.0,1.0,0.0,0.0,26.998214285714287,0.0
908,909,,,,,,
909,910,,,,,,
910,911,1.0,0.0,1.0,1.269642857142857,0.0,1.0714285714285714
911,912,,,,,,
912,913,0.0,0.0,0.0,0.0,0.0,0.0
913,914,0.0,1.0,1.0,0.0,17.31,12.425714285714287
914,915,1.0,0.0,0.0,3.490535714285714,0.0,0.0
915,916,,,,,,
916,917,0.0,0.0,1.0,0.0,0.0,3.9285714285714284
917,918,0.0,0.0,0.0,0.0,0.0,0.0
918,919,,,,,,
919,920,0.0,0.0,0.0,0.0,0.0,0.0
920,921,0.0,1.0,0.0,0.0,3.8225000000000002,0.0
921,922,0.0,0.0,1.0,0.0,0.0,4.214285714285714
922,923,,,,,,
923,924,0.0,1.0,0.0,0.0,25.040357142857143,0.0
924,925,,,,,,
925,926,0.0,1.0,0.0,0.0,3.392857142857143,0.0
926,927,1.0,1.0,0.0,9.385714285714286,3.5692857142857144,0.0
927,928,0.0,0.0,0.0,0.0,0.0,0.0
928,929,,,,,,
929,930,0.0,0.0,0.0,0.0,0.0,0.0
930,931,,,,,,
931,932,0.0,0.0,0.0,0.0,0.0,0.0
932,933,,,,,,
933,934,0.0,0.0,0.0,0.0,0.0,0.0
934,935,1.0,0.0,0.0,2.3448214285714286,0.0,0.0
935,936,,,,,,
936,937,0.0,0.0,0.0,0.0,0.0,0.0
937,938,0.0,1.0,1.0,0.0,4.928571428571429,7.812142857142858
938,939,1.0,0.0,0.0,1.5850000000000002,0.0,0.0
939,940,,,,,,
940,941,0.0,0.0,1.0,0.0,0.0,19.75
941,942,0.0,1.0,0.0,0.0,36.785714285714285,0.0
942,943,0.0,0.0,0.0,0.0,0.0,0.0
943,944,1.0,0.0,0.0,15.77892857142857,0.0,0.0
944,945,,,,,,
945,946,0.0,1.0,0.0,0.0,0.6442857142857142,0.0
946,947,0.0,0.0,1.0,0.0,0.0,16.33892857142857
947,948,,,,,,
948,949,,,,,,
949,950,1.0,0.0,0.0,0.6014285714285714,0.0,0.0
950,951,,,,,,
951,952,1.0,1.0,0.0,1.1898214285714286,4.285714285714286,0.0
952,953,0.0,0.0,1.0,0.0,0.0,15.222142857142858
953,954,,,,,,
954,955,1.0,0.0,1.0,13.056785714285713,0.0,5.702142857142857
955,956,0.0,0.0,1.0,0.0,0.0,19.958214285714288
956,957,,,,,,
957,958,,,,,,
958,959,,,,,,
959,960,0.0,0.0,1.0,0.0,0.0,9.821428571428571
960,961,0.0,1.0,1.0,0.0,12.858928571428573,10.56
961,962,0.0,0.0,0.0,0.0,0.0,0.0
962,963,0.0,1.0,0.0,0.0,0.8939285714285715,0.0
963,964,0.0,1.0,0.0,0.0,3.7510714285714286,0.0
964,965,,,,,,
965,966,0.0,1.0,0.0,0.0,203.7907142857143,0.0
966,967,,,,,,
967,968,,,,,,
968,969,0.0,1.0,0.0,0.0,4.501071428571429,0.0
969,970,0.0,0.0,1.0,0.0,0.0,6.321428571428571
970,971,0.0,0.0,0.0,0.0,0.0,0.0
971,972,,,,,,
972,973,1.0,0.0,0.0,0.6864285714285714,0.0,0.0
973,974,,,,,,
974,975,,,,,,
975,976,,,,,,
976,977,1.0,0.0,0.0,1.4296428571428572,0.0,0.0
977,978,,,,,,
978,979,0.0,0.0,0.0,0.0,0.0,0.0
979,980,0.0,1.0,0.0,0.0,7.678571428571429,0.0
980,981,0.0,0.0,0.0,0.0,0.0,0.0
981,982,0.0,1.0,0.0,0.0,6.785714285714286,0.0
982,983,,,,,,
983,984,0.0,0.0,0.0,0.0,0.0,0.0
984,985,0.0,0.0,1.0,0.0,0.0,3.0503571428571425
985,986,,,,,,
986,987,,,,,,
987,988,0.0,0.0,0.0,0.0,0.0,0.0
988,989,0.0,0.0,0.0,0.0,0.0,0.0
989,990,0.0,0.0,1.0,0.0,0.0,9.318214285714287
990,991,,,,,,
991,992,0.0,0.0,0.0,0.0,0.0,0.0
992,993,1.0,0.0,0.0,0.27464285714285713,0.0,0.0
993,994,,,,,,
994,995,0.0,0.0,0.0,0.0,0.0,0.0
995,996,,,,,,
996,997,0.0,0.0,0.0,0.0,0.0,0.0
997,998,0.0,0.0,0.0,0.0,0.0,0.0
998,999,,,,,,
999,1000,0.0,0.0,1.0,0.0,0.0,11.714285714285714
1000,1001,0.0,1.0,0.0,0.0,10.105714285714285,0.0
1001,1002,,,,,,
1002,1003,0.0,0.0,0.0,0.0,0.0,0.0
1003,1004,,,,,,
1004,1005,0.0,0.0,1.0,0.0,0.0,10.964285714285714
1005,1006,0.0,0.0,0.0,0.0,0.0,0.0
1006,1007,,,,,,
1007,1008,,,,,,
1008,1009,,,,,,
1009,1010,,,,,,
1010,1011,1.0,0.0,0.0,2.0053571428571426,0.0,0.0
1011,1012,0.0,0.0,1.0,0.0,0.0,2.107142857142857
1012,1013,,,,,,
1013,1014,0.0,1.0,0.0,0.0,5.392857142857143,0.0
1014,1015,0.0,0.0,0.0,0.0,0.0,0.0
1015,1016,0.0,0.0,0.0,0.0,0.0,0.0
1016,1017,0.0,0.0,0.0,0.0,0.0,0.0
1017,1018,1.0,0.0,0.0,2.641785714285714,0.0,0.0
1018,1019,0.0,0.0,0.0,0.0,0.0,0.0
1019,1020,0.0,0.0,0.0,0.0,0.0,0.0
1020,1021,,,,,,
1021,1022,0.0,0.0,0.0,0.0,0.0,0.0
1022,1023,0.0,0.0,0.0,0.0,0.0,0.0
1023,1024,,,,,,
1024,1025,0.0,0.0,1.0,0.0,0.0,12.964285714285714
1025,1026,,,,,,
1026,1027,0.0,1.0,0.0,0.0,0.8928571428571429,0.0
1027,1028,,,,,,
1028,1029,1.0,1.0,0.0,1.217142857142857,9.785714285714286,0.0
1029,1030,0.0,1.0,1.0,0.0,7.821428571428571,8.428571428571429
1030,1031,,,,,,
1031,1032,0.0,0.0,0.0,0.0,0.0,0.0
1032,1033,1.0,0.0,1.0,1.1291071428571429,0.0,2.7025
1033,1034,0.0,0.0,0.0,0.0,0.0,0.0
1034,1035,0.0,0.0,1.0,0.0,0.0,15.678571428571429
1035,1036,0.0,0.0,0.0,0.0,0.0,0.0
1036,1037,,,,,,
1037,1038,0.0,0.0,0.0,0.0,0.0,0.0
1038,1039,,,,,,
1039,1040,1.0,1.0,0.0,1.4324999999999999,5.428571428571429,0.0
1040,1041,0.0,1.0,1.0,0.0,3.392857142857143,17.563214285714285
1041,1042,1.0,1.0,0.0,0.9167857142857143,14.5,0.0
1042,1043,0.0,1.0,0.0,0.0,2.857142857142857,0.0
1043,1044,0.0,0.0,0.0,0.0,0.0,0.0
1044,1045,0.0,0.0,0.0,0.0,0.0,0.0
1045,1046,0.0,0.0,0.0,0.0,0.0,0.0
1046,1047,,,,,,
1047,1048,0.0,0.0,0.0,0.0,0.0,0.0
1048,1049,,,,,,
1049,1050,,,,,,
1050,1051,,,,,,
1051,1052,1.0,1.0,0.0,1.5414285714285714,4.286785714285714,0.0
1052,1053,0.0,0.0,0.0,0.0,0.0,0.0
1053,1054,,,,,,
1054,1055,1.0,0.0,0.0,0.5164285714285715,0.0,0.0
1055,1056,1.0,0.0,1.0,10.527142857142858,0.0,12.0
1056,1057,,,,,,
1057,1058,0.0,0.0,1.0,0.0,0.0,27.323571428571427
1058,1059,1.0,0.0,0.0,1.3689285714285713,0.0,0.0
1059,1060,0.0,1.0,1.0,0.0,8.071428571428571,4.913571428571429
1060,1061,0.0,0.0,0.0,0.0,0.0,0.0
1061,1062,0.0,0.0,0.0,0.0,0.0,0.0
1062,1063,,,,,,
1063,1064,,,,,,
1064,1065,0.0,0.0,1.0,0.0,0.0,8.571428571428571
1065,1066,0.0,0.0,0.0,0.0,0.0,0.0
1066,1067,0.0,0.0,0.0,0.0,0.0,0.0
1067,1068,0.0,0.0,0.0,0.0,0.0,0.0
1068,1069,,,,,,
1069,1070,1.0,0.0,0.0,9.376964285714285,0.0,0.0
1070,1071,,,,,,
1071,1072,,,,,,
1072,1073,,,,,,
1073,1074,,,,,,
1074,1075,0.0,0.0,0.0,0.0,0.0,0.0
1075,1076,,,,,,
1076,1077,,,,,,
1077,1078,0.0,0.0,1.0,0.0,0.0,9.285714285714286
1078,1079,0.0,0.0,1.0,0.0,0.0,4.089285714285714
1079,1080,,,,,,
1080,1081,0.0,0.0,0.0,0.0,0.0,0.0
1081,1082,,,,,,
1082,1083,0.0,0.0,1.0,0.0,0.0,27.551785714285717
1083,1084,0.0,0.0,0.0,0.0,0.0,0.0
1084,1085,1.0,0.0,0.0,3.7639285714285715,0.0,0.0
1085,1086,,,,,,
1086,1087,1.0,1.0,0.0,8.805892857142856,4.357142857142857,0.0
1087,1088,,,,,,
1088,1089,,,,,,
1089,1090,,,,,,
1090,1091,1.0,0.0,1.0,4.910714285714286,0.0,10.107142857142858
1091,1092,,,,,,
1092,1093,,,,,,
1093,1094,0.0,1.0,0.0,0.0,5.138571428571429,0.0
1094,1095,,,,,,
1095,1096,,,,,,
1096,1097,,,,,,
1097,1098,,,,,,
1098,1099,0.0,0.0,0.0,0.0,0.0,0.0
1099,1100,0.0,0.0,0.0,0.0,0.0,0.0
1100,1101,,,,,,
1101,1102,,,,,,
1102,1103,0.0,1.0,0.0,0.0,6.464285714285714,0.0
1103,1104,1.0,0.0,1.0,0.6996428571428571,0.0,6.25
1104,1105,,,,,,
1105,1106,0.0,0.0,0.0,0.0,0.0,0.0
1106,1107,,,,,,
1107,1108,0.0,1.0,0.0,0.0,5.785714285714286,0.0
1108,1109,0.0,0.0,0.0,0.0,0.0,0.0
1109,1110,,,,,,
1110,1111,1.0,0.0,1.0,0.8217857142857143,0.0,23.75
1111,1112,,,,,,
1112,1113,0.0,0.0,1.0,0.0,0.0,15.863214285714287
1113,1114,,,,,,
1114,1115,0.0,0.0,1.0,0.0,0.0,12.862142857142857
1115,1116,0.0,0.0,0.0,0.0,0.0,0.0
1116,1117,0.0,0.0,1.0,0.0,0.0,18.684642857142855
1117,1118,0.0,0.0,0.0,0.0,0.0,0.0
1118,1119,,,,,,
1119,1120,,,,,,
1120,1121,0.0,0.0,1.0,0.0,0.0,15.38892857142857
1121,1122,,,,,,
1122,1123,,,,,,
1123,1124,,,,,,
1124,1125,0.0,0.0,0.0,0.0,0.0,0.0
1125,1126,,,,,,
1126,1127,,,,,,
1127,1128,0.0,0.0,0.0,0.0,0.0,0.0
1128,1129,,,,,,
1129,1130,0.0,0.0,1.0,0.0,0.0,16.928571428571427
1130,1131,0.0,0.0,0.0,0.0,0.0,0.0
1131,1132,,,,,,
1132,1133,,,,,,
1133,1134,,,,,,
1134,1135,1.0,0.0,0.0,6.136428571428572,0.0,0.0
1135,1136,,,,,,
1136,1137,0.0,0.0,0.0,0.0,0.0,0.0
1137,1138,,,,,,
1138,1139,,,,,,
1139,1140,0.0,0.0,0.0,0.0,0.0,0.0
1140,1141,0.0,1.0,0.0,0.0,4.035714285714286,0.0
1141,1142,0.0,0.0,0.0,0.0,0.0,0.0
1142,1143,1.0,0.0,0.0,2.0083928571428573,0.0,0.0
1143,1144,0.0,1.0,0.0,0.0,4.357142857142857,0.0
1144,1145,,,,,,
1145,1146,,,,,,
1146,1147,,,,,,
1147,1148,,,,,,
1148,1149,1.0,1.0,0.0,1.5114285714285713,2.0010714285714286,0.0
1149,1150,,,,,,
1150,1151,0.0,1.0,1.0,0.0,9.25,21.271071428571428
1151,1152,0.0,0.0,0.0,0.0,0.0,0.0
1152,1153,,,,,,
1153,1154,0.0,1.0,0.0,0.0,12.518928571428571,0.0
1154,1155,0.0,1.0,1.0,0.0,0.21428571428571427,11.97642857142857
1155,1156,,,,,,
1156,1157,0.0,0.0,0.0,0.0,0.0,0.0
1157,1158,1.0,0.0,0.0,1.65625,0.0,0.0
1158,1159,0.0,1.0,1.0,0.0,0.8939285714285715,4.8307142857142855
1159,1160,0.0,1.0,1.0,0.0,0.8571428571428571,17.993214285714284
1160,1161,0.0,0.0,0.0,0.0,0.0,0.0
1161,1162,,,,,,
1162,1163,0.0,1.0,1.0,0.0,7.642857142857143,7.635
1163,1164,0.0,0.0,0.0,0.0,0.0,0.0
1164,1165,0.0,1.0,0.0,0.0,3.8214285714285716,0.0
1165,1166,1.0,0.0,0.0,0.3198214285714286,0.0,0.0
1166,1167,0.0,1.0,0.0,0.0,2.142857142857143,0.0
1167,1168,0.0,0.0,0.0,0.0,0.0,0.0
1168,1169,1.0,1.0,1.0,2.4619642857142856,5.170357142857143,46.392857142857146
1169,1170,0.0,1.0,0.0,0.0,0.8939285714285715,0.0
1170,1171,0.0,0.0,0.0,0.0,0.0,0.0
1171,1172,,,,,,
1172,1173,,,,,,
1173,1174,,,,,,
1174,1175,1.0,1.0,1.0,7.892857142857143,5.179642857142857,12.785714285714286
1175,1176,,,,,,
1176,1177,0.0,0.0,1.0,0.0,0.0,15.071428571428571
1177,1178,0.0,1.0,0.0,0.0,3.0714285714285716,0.0
1178,1179,0.0,0.0,1.0,0.0,0.0,15.785714285714286
1179,1180,0.0,0.0,0.0,0.0,0.0,0.0
1180,1181,,,,,,
1181,1182,1.0,0.0,0.0,6.997321428571429,0.0,0.0
1182,1183,,,,,,
1183,1184,0.0,0.0,0.0,0.0,0.0,0.0
1184,1185,,,,,,
1185,1186,,,,,,
1186,1187,,,,,,
1187,1188,0.0,0.0,0.0,0.0,0.0,0.0
1188,1189,0.0,0.0,0.0,0.0,0.0,0.0
1189,1190,0.0,0.0,1.0,0.0,0.0,4.512142857142857
1190,1191,0.0,1.0,1.0,0.0,0.21428571428571427,18.382857142857144
1191,1192,,,,,,
1192,1193,0.0,0.0,0.0,0.0,0.0,0.0
1193,1194,,,,,,
1194,1195,0.0,0.0,1.0,0.0,0.0,3.3214285714285716
1195,1196,0.0,0.0,1.0,0.0,0.0,17.6625
1196,1197,0.0,0.0,0.0,0.0,0.0,0.0
1197,1198,0.0,0.0,0.0,0.0,0.0,0.0
1198,1199,0.0,1.0,0.0,0.0,5.892857142857143,0.0
1199,1200,,,,,,
1200,1201,,,,,,
1201,1202,0.0,0.0,0.0,0.0,0.0,0.0
1202,1203,0.0,0.0,0.0,0.0,0.0,0.0
1203,1204,,,,,,
1204,1205,0.0,1.0,0.0,0.0,12.765357142857143,0.0
1205,1206,1.0,0.0,0.0,22.165892857142858,0.0,0.0
1206,1207,,,,,,
1207,1208,0.0,0.0,0.0,0.0,0.0,0.0
1208,1209,0.0,0.0,1.0,0.0,0.0,9.428571428571429
1209,1210,,,,,,
1210,1211,,,,,,
1211,1212,1.0,0.0,0.0,2.9992857142857146,0.0,0.0
1212,1213,0.0,1.0,0.0,0.0,2.392857142857143,0.0
1213,1214,0.0,1.0,0.0,0.0,1.7857142857142858,0.0
1214,1215,0.0,0.0,0.0,0.0,0.0,0.0
1215,1216,0.0,0.0,0.0,0.0,0.0,0.0
1216,1217,0.0,0.0,0.0,0.0,0.0,0.0
1217,1218,,,,,,
1218,1219,0.0,0.0,0.0,0.0,0.0,0.0
1219,1220,1.0,0.0,1.0,4.910714285714286,0.0,4.251428571428572
1220,1221,0.0,0.0,0.0,0.0,0.0,0.0
1221,1222,,,,,,
1222,1223,0.0,0.0,1.0,0.0,0.0,18.052500000000002
1223,1224,0.0,1.0,0.0,0.0,0.21428571428571427,0.0
1224,1225,,,,,,
1225,1226,,,,,,
1226,1227,,,,,,
1227,1228,,,,,,
1228,1229,,,,,,
1229,1230,1.0,0.0,0.0,1.5474999999999999,0.0,0.0
1230,1231,0.0,0.0,1.0,0.0,0.0,24.434642857142855
1231,1232,1.0,1.0,0.0,1.825357142857143,6.035714285714286,0.0
1232,1233,0.0,0.0,0.0,0.0,0.0,0.0
1233,1234,,,,,,
1234,1235,0.0,0.0,0.0,0.0,0.0,0.0
1235,1236,0.0,0.0,0.0,0.0,0.0,0.0
1236,1237,,,,,,
1237,1238,0.0,0.0,1.0,0.0,0.0,12.6725
1238,1239,0.0,0.0,0.0,0.0,0.0,0.0
1239,1240,,,,,,
1240,1241,,,,,,
1241,1242,,,,,,
1242,1243,,,,,,
1243,1244,,,,,,
1244,1245,0.0,0.0,0.0,0.0,0.0,0.0
1245,1246,0.0,1.0,1.0,0.0,4.464285714285714,4.785714285714286
1246,1247,1.0,0.0,0.0,20.451071428571428,0.0,0.0
1247,1248,,,,,,
1248,1249,,,,,,
1249,1250,,,,,,
1250,1251,,,,,,
1251,1252,,,,,,
1252,1253,0.0,1.0,1.0,0.0,6.0,11.496071428571428
1253,1254,0.0,0.0,1.0,0.0,0.0,2.107142857142857
1254,1255,0.0,1.0,0.0,0.0,4.714285714285714,0.0
1255,1256,0.0,0.0,0.0,0.0,0.0,0.0
1256,1257,,,,,,
1257,1258,1.0,0.0,0.0,0.1467857142857143,0.0,0.0
1258,1259,0.0,0.0,1.0,0.0,0.0,12.659285714285714
1259,1260,,,,,,
1260,1261,0.0,0.0,1.0,0.0,0.0,6.163571428571429
1261,1262,,,,,,
1262,1263,,,,,,
1263,1264,1.0,0.0,0.0,36.82660714285714,0.0,0.0
1264,1265,0.0,0.0,1.0,0.0,0.0,17.175357142857145
1265,1266,0.0,1.0,0.0,0.0,8.607142857142858,0.0
1266,1267,0.0,1.0,1.0,0.0,2.858214285714286,21.820714285714285
1267,1268,0.0,0.0,1.0,0.0,0.0,20.34357142857143
1268,1269,0.0,0.0,0.0,0.0,0.0,0.0
1269,1270,,,,,,
1270,1271,,,,,,
1271,1272,0.0,0.0,0.0,0.0,0.0,0.0
1272,1273,1.0,1.0,0.0,0.7771428571428572,5.785714285714286,0.0
1273,1274,0.0,0.0,0.0,0.0,0.0,0.0
1274,1275,1.0,0.0,0.0,0.9698214285714286,0.0,0.0
1275,1276,0.0,0.0,0.0,0.0,0.0,0.0
1276,1277,1.0,1.0,0.0,4.704821428571429,2.857142857142857,0.0
1277,1278,,,,,,
1278,1279,0.0,0.0,0.0,0.0,0.0,0.0
1279,1280,,,,,,
1280,1281,,,,,,
1281,1282,1.0,0.0,0.0,1.4230357142857142,0.0,0.0
1282,1283,0.0,0.0,0.0,0.0,0.0,0.0
1283,1284,0.0,0.0,1.0,0.0,0.0,15.035714285714286
1284,1285,0.0,0.0,0.0,0.0,0.0,0.0
1285,1286,0.0,0.0,0.0,0.0,0.0,0.0
1286,1287,0.0,1.0,0.0,0.0,1.9642857142857142,0.0
1287,1288,,,,,,
1288,1289,,,,,,
1289,1290,0.0,0.0,0.0,0.0,0.0,0.0
1290,1291,0.0,0.0,1.0,0.0,0.0,11.10142857142857
1291,1292,1.0,0.0,1.0,1.0275,0.0,17.676785714285714
1292,1293,0.0,1.0,1.0,0.0,89.76107142857143,11.546071428571429
1293,1294,0.0,0.0,0.0,0.0,0.0,0.0
1294,1295,,,,,,
1295,1296,,,,,,
1296,1297,,,,,,
1297,1298,0.0,0.0,1.0,0.0,0.0,25.243214285714284
1298,1299,0.0,0.0,1.0,0.0,0.0,13.119285714285713
1299,1300,,,,,,
1300,1301,0.0,0.0,0.0,0.0,0.0,0.0
1301,1302,1.0,1.0,0.0,10.126428571428573,0.42857142857142855,0.0
1302,1303,0.0,1.0,0.0,0.0,6.0,0.0
1303,1304,,,,,,
1304,1305,0.0,0.0,0.0,0.0,0.0,0.0
1305,1306,0.0,1.0,0.0,0.0,0.8939285714285715,0.0
1306,1307,0.0,0.0,0.0,0.0,0.0,0.0
1307,1308,0.0,0.0,1.0,0.0,0.0,12.96107142857143
1308,1309,0.0,1.0,0.0,0.0,2.392857142857143,0.0
1309,1310,,,,,,
1310,1311,0.0,0.0,0.0,0.0,0.0,0.0
1311,1312,0.0,0.0,0.0,0.0,0.0,0.0
1312,1313,,,,,,
1313,1314,,,,,,
1314,1315,1.0,0.0,0.0,2.7246428571428574,0.0,0.0
1315,1316,0.0,0.0,1.0,0.0,0.0,3.3175
1316,1317,1.0,0.0,0.0,5.987678571428572,0.0,0.0
1317,1318,0.0,0.0,0.0,0.0,0.0,0.0
1318,1319,,,,,,
1319,1320,,,,,,
1320,1321,,,,,,
1321,1322,0.0,1.0,0.0,0.0,14.285714285714286,0.0
1322,1323,0.0,0.0,1.0,0.0,0.0,9.928571428571429
1323,1324,,,,,,
1324,1325,0.0,0.0,0.0,0.0,0.0,0.0
1325,1326,,,,,,
1326,1327,0.0,0.0,0.0,0.0,0.0,0.0
1327,1328,0.0,0.0,0.0,0.0,0.0,0.0
1328,1329,1.0,0.0,1.0,13.357142857142858,0.0,7.964285714285714
1329,1330,0.0,1.0,0.0,0.0,4.357142857142857,0.0
1330,1331,,,,,,
1331,1332,,,,,,
1332,1333,0.0,0.0,0.0,0.0,0.0,0.0
1333,1334,0.0,0.0,0.0,0.0,0.0,0.0
1334,1335,0.0,1.0,0.0,0.0,407.96250000000003,0.0
1335,1336,,,,,,
1336,1337,1.0,0.0,0.0,3.9001785714285715,0.0,0.0
1337,1338,1.0,0.0,0.0,19.461071428571426,0.0,0.0
1338,1339,,,,,,
1339,1340,0.0,0.0,0.0,0.0,0.0,0.0
1340,1341,,,,,,
1341,1342,0.0,0.0,1.0,0.0,0.0,16.153214285714288
1342,1343,,,,,,
1343,1344,0.0,1.0,0.0,0.0,2.857142857142857,0.0
1344,1345,0.0,0.0,1.0,0.0,0.0,14.2075
1345,1346,0.0,1.0,0.0,0.0,0.21428571428571427,0.0
1346,1347,0.0,0.0,1.0,0.0,0.0,21.035714285714285
1347,1348,0.0,1.0,0.0,0.0,1.4285714285714286,0.0
1348,1349,,,,,,
1349,1350,0.0,0.0,1.0,0.0,0.0,8.952142857142857
1350,1351,0.0,0.0,0.0,0.0,0.0,0.0
1351,1352,0.0,0.0,0.0,0.0,0.0,0.0
1352,1353,1.0,0.0,0.0,6.714821428571428,0.0,0.0
1353,1354,,,,,,
1354,1355,0.0,1.0,1.0,0.0,3.392857142857143,5.857142857142857
1355,1356,,,,,,
1356,1357,,,,,,
1357,1358,,,,,,
1358,1359,,,,,,
1359,1360,,,,,,
1360,1361,0.0,0.0,0.0,0.0,0.0,0.0
1361,1362,0.0,1.0,0.0,0.0,2.857142857142857,0.0
1362,1363,,,,,,
1363,1364,0.0,1.0,1.0,0.0,14.285714285714286,22.703928571428573
1364,1365,,,,,,
1365,1366,,,,,,
1366,1367,0.0,1.0,0.0,0.0,5.177142857142857,0.0
1367,1368,0.0,1.0,0.0,0.0,3.7142857142857144,0.0
1368,1369,0.0,1.0,0.0,0.0,2.466785714285714,0.0
1369,1370,,,,,,
1370,1371,0.0,0.0,0.0,0.0,0.0,0.0
1371,1372,0.0,0.0,1.0,0.0,0.0,10.464285714285714
1372,1373,,,,,,
1373,1374,,,,,,
1374,1375,0.0,0.0,0.0,0.0,0.0,0.0
1375,1376,0.0,0.0,1.0,0.0,0.0,3.5714285714285716
1376,1377,,,,,,
1377,1378,0.0,0.0,0.0,0.0,0.0,0.0
1378,1379,0.0,0.0,0.0,0.0,0.0,0.0
1379,1380,,,,,,
1380,1381,0.0,0.0,0.0,0.0,0.0,0.0
1381,1382,0.0,0.0,0.0,0.0,0.0,0.0
1382,1383,1.0,1.0,0.0,10.90982142857143,4.642857142857143,0.0
1383,1384,0.0,1.0,0.0,0.0,4.607142857142857,0.0
1384,1385,,,,,,
1385,1386,0.0,0.0,0.0,0.0,0.0,0.0
1386,1387,0.0,0.0,0.0,0.0,0.0,0.0
1387,1388,0.0,0.0,0.0,0.0,0.0,0.0
1388,1389,,,,,,
1389,1390,,,,,,
1390,1391,1.0,0.0,1.0,3.349285714285714,0.0,4.25
1391,1392,1.0,0.0,1.0,1.674642857142857,0.0,1.75
1392,1393,,,,,,
1393,1394,0.0,0.0,0.0,0.0,0.0,0.0
1394,1395,,,,,,
1395,1396,1.0,1.0,0.0,3.0664285714285713,0.21428571428571427,0.0
1396,1397,0.0,0.0,0.0,0.0,0.0,0.0
1397,1398,,,,,,
1398,1399,1.0,1.0,1.0,27.233749999999997,5.142857142857143,11.178571428571429
1399,1400,1.0,0.0,0.0,4.6571428571428575,0.0,0.0
1400,1401,0.0,0.0,0.0,0.0,0.0,0.0
1401,1402,0.0,0.0,0.0,0.0,0.0,0.0
1402,1403,0.0,0.0,1.0,0.0,0.0,17.214285714285715
1403,1404,0.0,1.0,0.0,0.0,1.7867857142857144,0.0
1404,1405,,,,,,
1405,1406,0.0,1.0,0.0,0.0,3.4314285714285715,0.0
1406,1407,,,,,,
1407,1408,1.0,1.0,0.0,1.6635714285714285,5.357142857142857,0.0
1408,1409,0.0,0.0,1.0,0.0,0.0,4.852142857142858
1409,1410,,,,,,
1410,1411,1.0,0.0,0.0,0.7996428571428572,0.0,0.0
1411,1412,1.0,0.0,0.0,6.795535714285714,0.0,0.0
1412,1413,1.0,1.0,0.0,1.676607142857143,6.964285714285714,0.0
1413,1414,,,,,,
1414,1415,1.0,1.0,0.0,0.49821428571428567,0.32142857142857145,0.0
1415,1416,,,,,,
1416,1417,0.0,1.0,0.0,0.0,14.821428571428571,0.0
1417,1418,0.0,0.0,0.0,0.0,0.0,0.0
1418,1419,,,,,,
1419,1420,,,,,,
1420,1421,,,,,,
1421,1422,,,,,,
1422,1423,0.0,0.0,0.0,0.0,0.0,0.0
1423,1424,,,,,,
1424,1425,0.0,1.0,1.0,0.0,6.285714285714286,24.25
1425,1426,,,,,,
1426,1427,0.0,0.0,1.0,0.0,0.0,10.357142857142858
1427,1428,0.0,0.0,0.0,0.0,0.0,0.0
1428,1429,0.0,0.0,0.0,0.0,0.0,0.0
1429,1430,,,,,,
1430,1431,0.0,0.0,1.0,0.0,0.0,16.47642857142857
1431,1432,1.0,0.0,0.0,2.260357142857143,0.0,0.0
1432,1433,,,,,,
1433,1434,0.0,0.0,0.0,0.0,0.0,0.0
1434,1435,,,,,,
1435,1436,0.0,1.0,1.0,0.0,6.285714285714286,2.107142857142857
1436,1437,0.0,0.0,0.0,0.0,0.0,0.0
1437,1438,0.0,0.0,1.0,0.0,0.0,13.820714285714287
1438,1439,0.0,0.0,0.0,0.0,0.0,0.0
1439,1440,,,,,,
1440,1441,,,,,,
1441,1442,1.0,0.0,1.0,8.280714285714286,0.0,15.799999999999999
1442,1443,,,,,,
1443,1444,,,,,,
1444,1445,,,,,,
1445,1446,,,,,,
1446,1447,,,,,,
1447,1448,,,,,,
1448,1449,,,,,,
1449,1450,1.0,0.0,0.0,3.89875,0.0,0.0
1450,1451,0.0,0.0,0.0,0.0,0.0,0.0
1451,1452,0.0,0.0,0.0,0.0,0.0,0.0
1452,1453,0.0,0.0,0.0,0.0,0.0,0.0
1453,1454,0.0,0.0,0.0,0.0,0.0,0.0
1454,1455,,,,,,
1455,1456,0.0,1.0,0.0,0.0,3.607142857142857,0.0
1456,1457,,,,,,
1457,1458,,,,,,
1458,1459,0.0,0.0,0.0,0.0,0.0,0.0
1459,1460,,,,,,
1460,1461,0.0,1.0,0.0,0.0,4.285714285714286,0.0
1461,1462,0.0,0.0,0.0,0.0,0.0,0.0
1462,1463,0.0,0.0,1.0,0.0,0.0,11.785714285714286
1463,1464,0.0,0.0,0.0,0.0,0.0,0.0
1464,1465,,,,,,
1465,1466,,,,,,
1466,1467,0.0,0.0,1.0,0.0,0.0,5.071428571428571
1467,1468,,,,,,
1468,1469,1.0,1.0,0.0,22.7425,0.21428571428571427,0.0
1469,1470,1.0,0.0,1.0,2.794107142857143,0.0,4.25
1470,1471,0.0,1.0,0.0,0.0,2.108214285714286,0.0
1471,1472,0.0,0.0,0.0,0.0,0.0,0.0
1472,1473,1.0,0.0,0.0,4.929642857142857,0.0,0.0
1473,1474,,,,,,
1474,1475,,,,,,
1475,1476,0.0,0.0,0.0,0.0,0.0,0.0
1476,1477,0.0,0.0,0.0,0.0,0.0,0.0
1477,1478,,,,,,
1478,1479,0.0,1.0,0.0,0.0,5.142857142857143,0.0
1479,1480,,,,,,
1480,1481,0.0,0.0,0.0,0.0,0.0,0.0
1481,1482,,,,,,
1482,1483,0.0,0.0,1.0,0.0,0.0,11.718214285714286
1483,1484,1.0,0.0,1.0,25.60910714285714,0.0,8.7225
1484,1485,,,,,,
1485,1486,0.0,0.0,0.0,0.0,0.0,0.0
1486,1487,,,,,,
1487,1488,0.0,0.0,1.0,0.0,0.0,6.071428571428571
1488,1489,,,,,,
1489,1490,0.0,0.0,0.0,0.0,0.0,0.0
1490,1491,,,,,,
1491,1492,1.0,0.0,0.0,0.8155357142857144,0.0,0.0
1492,1493,,,,,,
1493,1494,,,,,,
1494,1495,0.0,0.0,1.0,0.0,0.0,5.920357142857143
1495,1496,1.0,0.0,0.0,5.77125,0.0,0.0
1496,1497,,,,,,
1497,1498,,,,,,
1498,1499,0.0,0.0,1.0,0.0,0.0,7.107142857142857
1499,1500,1.0,1.0,1.0,21.025000000000002,2.3528571428571428,6.571428571428571
1500,1501,,,,,,
1501,1502,1.0,0.0,1.0,34.01660714285715,0.0,5.3689285714285715
1502,1503,,,,,,
1503,1504,,,,,,
1504,1505,0.0,1.0,0.0,0.0,0.21428571428571427,0.0
1505,1506,0.0,0.0,1.0,0.0,0.0,1.7857142857142858
1506,1507,,,,,,
1507,1508,,,,,,
1508,1509,,,,,,
1509,1510,,,,,,
1510,1511,,,,,,
1511,1512,,,,,,
1512,1513,0.0,0.0,1.0,0.0,0.0,13.315714285714284
1513,1514,1.0,0.0,1.0,5.40125,0.0,13.516071428571427
1514,1515,0.0,0.0,0.0,0.0,0.0,0.0
1515,1516,,,,,,
1516,1517,0.0,0.0,1.0,0.0,0.0,13.928571428571429
1517,1518,,,,,,
1518,1519,0.0,1.0,0.0,0.0,0.42857142857142855,0.0
1519,1520,,,,,,
1520,1521,,,,,,
1521,1522,0.0,1.0,0.0,0.0,11.176785714285714,0.0
1522,1523,0.0,0.0,0.0,0.0,0.0,0.0
1523,1524,0.0,0.0,1.0,0.0,0.0,31.801428571428573
1524,1525,,,,,,
1525,1526,,,,,,
1526,1527,0.0,0.0,1.0,0.0,0.0,6.678571428571429
1527,1528,0.0,0.0,0.0,0.0,0.0,0.0
1528,1529,0.0,0.0,0.0,0.0,0.0,0.0
1529,1530,,,,,,
1530,1531,0.0,0.0,0.0,0.0,0.0,0.0
1531,1532,0.0,0.0,0.0,0.0,0.0,0.0
1532,1533,0.0,0.0,0.0,0.0,0.0,0.0
1533,1534,0.0,1.0,1.0,0.0,2.607142857142857,21.892857142857142
1534,1535,0.0,0.0,0.0,0.0,0.0,0.0
1535,1536,1.0,0.0,0.0,1.375714285714286,0.0,0.0
1536,1537,1.0,0.0,1.0,38.43142857142857,0.0,3.892857142857143
1537,1538,0.0,1.0,1.0,0.0,1.7142857142857142,9.964285714285714
1538,1539,0.0,0.0,0.0,0.0,0.0,0.0
1539,1540,,,,,,
1540,1541,,,,,,
1541,1542,0.0,0.0,0.0,0.0,0.0,0.0
1542,1543,,,,,,
1543,1544,,,,,,
1544,1545,0.0,1.0,0.0,0.0,21.207142857142856,0.0
1545,1546,,,,,,
1546,1547,0.0,0.0,0.0,0.0,0.0,0.0
1547,1548,0.0,0.0,0.0,0.0,0.0,0.0
1548,1549,1.0,1.0,1.0,0.3682142857142857,2.6792857142857143,133.27535714285713
1549,1550,,,,,,
1550,1551,,,,,,
1551,1552,1.0,0.0,0.0,6.901071428571428,0.0,0.0
1552,1553,,,,,,
1553,1554,0.0,1.0,0.0,0.0,2.138571428571429,0.0
1554,1555,0.0,0.0,1.0,0.0,0.0,12.357142857142858
1555,1556,0.0,0.0,0.0,0.0,0.0,0.0
1556,1557,0.0,0.0,1.0,0.0,0.0,8.107142857142858
1557,1558,0.0,0.0,1.0,0.0,0.0,8.5
1558,1559,,,,,,
1559,1560,0.0,0.0,0.0,0.0,0.0,0.0
1560,1561,0.0,0.0,1.0,0.0,0.0,4.214285714285714
1561,1562,,,,,,
1562,1563,0.0,0.0,1.0,0.0,0.0,10.771785714285715
1563,1564,1.0,0.0,1.0,9.290178571428571,0.0,6.928571428571429
1564,1565,0.0,0.0,1.0,0.0,0.0,15.714285714285714
1565,1566,,,,,,
1566,1567,0.0,0.0,0.0,0.0,0.0,0.0
1567,1568,0.0,1.0,0.0,0.0,3.0714285714285716,0.0
1568,1569,,,,,,
1569,1570,0.0,0.0,0.0,0.0,0.0,0.0
1570,1571,1.0,1.0,0.0,3.45375,4.571428571428571,0.0
1571,1572,0.0,0.0,0.0,0.0,0.0,0.0
1572,1573,0.0,1.0,0.0,0.0,5.142857142857143,0.0
1573,1574,0.0,0.0,1.0,0.0,0.0,3.9435714285714285
1574,1575,0.0,0.0,0.0,0.0,0.0,0.0
1575,1576,0.0,0.0,0.0,0.0,0.0,0.0
1576,1577,0.0,0.0,0.0,0.0,0.0,0.0
1577,1578,,,,,,
1578,1579,0.0,0.0,1.0,0.0,0.0,4.388928571428571
1579,1580,0.0,0.0,0.0,0.0,0.0,0.0
1580,1581,0.0,0.0,0.0,0.0,0.0,0.0
1581,1582,0.0,0.0,1.0,0.0,0.0,12.170714285714284
1582,1583,0.0,0.0,1.0,0.0,0.0,30.25
1583,1584,0.0,0.0,1.0,0.0,0.0,5.083571428571429
1584,1585,1.0,0.0,1.0,3.410892857142857,0.0,16.547857142857143
1585,1586,,,,,,
1586,1587,,,,,,
1587,1588,,,,,,
1588,1589,,,,,,
1589,1590,0.0,0.0,1.0,0.0,0.0,4.607142857142857
1590,1591,0.0,0.0,1.0,0.0,0.0,18.535714285714285
1591,1592,0.0,0.0,1.0,0.0,0.0,12.5
1592,1593,0.0,0.0,0.0,0.0,0.0,0.0
1593,1594,,,,,,
1594,1595,0.0,0.0,1.0,0.0,0.0,16.142857142857142
1595,1596,0.0,0.0,1.0,0.0,0.0,9.821428571428571
1596,1597,,,,,,
1597,1598,,,,,,
1598,1599,,,,,,
1599,1600,0.0,1.0,1.0,0.0,3.9285714285714284,9.214285714285714
1600,1601,0.0,0.0,0.0,0.0,0.0,0.0
1601,1602,0.0,0.0,0.0,0.0,0.0,0.0
1602,1603,,,,,,
1603,1604,,,,,,
1604,1605,0.0,0.0,0.0,0.0,0.0,0.0
1605,1606,,,,,,
1606,1607,0.0,0.0,0.0,0.0,0.0,0.0
1607,1608,0.0,0.0,0.0,0.0,0.0,0.0
1608,1609,,,,,,
1609,1610,,,,,,
1610,1611,,,,,,
1611,1612,0.0,0.0,0.0,0.0,0.0,0.0
1612,1613,1.0,0.0,0.0,2.0885714285714285,0.0,0.0
1613,1614,,,,,,
1614,1615,0.0,0.0,0.0,0.0,0.0,0.0
